SMILES,Affinity_kcal
CN1CCN(CCCN2c3ccccc3Sc3ccc(S(=O)(=O)N(C)C)cc32)CC1,-13.39
COCCOC[C@@H](CC1(C(=O)N[C@H]2CC[C@@H](C(=O)O)CC2)CCCC1)C(=O)Oc1ccc2c(c1)CCC2,-13.34
Nc1cc(Nc2cc(S(=O)(=O)O)c(N)c3c2C(=O)c2ccccc2C3=O)ccc1S(=O)(=O)O,-13.07
Cc1ccccc1NCc1nnc(-n2c(CNc3ccccc3C)nc3ccccc3c2=O)s1,-12.92
O=C(NCCN1CCN2Cc3[nH]c4ccccc4c3C[C@@H]2C1)c1ccc([N+](=O)[O-])cc1,-12.88
CC(C)N(CCOc1ccc(/N=C(/Nc2ccccc2)c2ccc(Cl)cc2)cc1)C(C)C,-12.49
O=[N+]([O-])c1ccc2c(NCCCCCCNc3c4ccccc4nc4cc([N+](=O)[O-])ccc34)c3ccccc3nc2c1,-12.44
C[C@H](NC(=O)[C@@H](Cc1ccccc1)NC(=O)CCCC[C@@H]1SC[C@@H]2NC(=O)N[C@@H]21)C(O)=C[N+]#N,-12.4
O=C(CCCCCCCCC(=O)OC1=CC(c2ccccc2)=CC1)OC1=C[C@H](c2ccccc2)C=C1,-12.32
O=C1CSC2(CCN(CCCN3c4ccccc4Sc4ccc(Cl)cc43)CC2)N1,-12.01
Cc1cc[n+](CC(=O)c2ccc(-c3ccc(C(=O)C[n+]4ccc(C)cc4)cc3)cc2)cc1,-11.94
O=C(Nc1ccc(S(=O)(=O)c2ccc(Br)cc2)cc1)Oc1ccccc1[N+](=O)[O-],-11.85
CN(CCCN1c2ccccc2CCc2ccccc21)CC(=O)c1ccc(Cl)cc1,-11.82
CCN(CC)c1ccc2c(-c3ccc(S(=O)(=O)Cl)cc3S(=O)(=O)[O-])c3ccc(=[N+](CC)CC)cc-3oc2c1,-11.79
O=C(O)[C@@H]1[C@H]2C[C@H]3c4[nH]c5ccccc5c4CCN3C[C@@H]2CC[C@@H]1O,-11.76
Cc1[nH]n(-c2cc(S(=O)(=O)O)ccc2Cl)c(=O)c1/N=N/c1cccc(S(=O)(=O)Nc2ccccc2)c1,-11.68
CN1CCN(CCC=C2c3ccccc3CCc3ccccc32)CC1,-11.64
CCO[C@@H]1O[C@H]([C@@H](COCc2ccccc2)OCc2ccccc2)[C@H](OCc2ccccc2)[C@H]1O,-11.63
C=CCN1C[C@H](C)N([C@H](c2ccc(C(=O)N(CC)CC)cc2)c2cccc(O)c2)C[C@@H]1C,-11.58
O=c1[nH]c2ccccc2n1C1CCN(CCCC(c2ccc(F)cc2)c2ccc(F)cc2)CC1,-11.51
C=CC[C@@]1(C(C)C)C(=O)N(CCN2CCCCC2)C(=O)N(Cc2ccccc2)C1=O,-11.5
CC(=O)OCC1=C(C(=O)O)N2C(=O)[C@@H](NC(=O)Cc3ccccc3)[C@H]2SC1,-11.46
O=S(=O)(O)c1ccccc1-c1c2ccc(Cl)cc2[o+]c2cc(Cl)ccc12,-11.46
C1CCCN(C[C@H]2CC[C@H](CN3CCCCCC3)CC2)CC1,-11.36
NS(=O)(=O)c1cc(C(=O)NN2C[C@@H]3[C@H]4CC[C@H](C4)[C@@H]3C2)ccc1Cl,-11.36
O=S(=O)(O)c1cc(-n2nc3ccc4ccccc4c3n2)ccc1C=Cc1ccccc1,-11.36
CC(=O)c1c(OCCCN2CCN(C)CC2)cccc1OCCCN1CCN(C)CC1,-11.32
Nc1ccc2c(S(N)(=O)=O)cccc2c1/N=N/c1ccc([N+](=O)[O-])cc1Cl,-11.31
O=C(CN1C(=O)NC(c2ccccc2)(c2ccccc2)C1=O)NCCN1CCOCC1,-11.28
CCN(CC)c1ccc2c(c1)Oc1cc(C)cc(C)c1[C@]21OC(=O)c2ccccc21,-11.26
CCCCCCCS(=O)(=O)Nc1ccc(Nc2c3ccccc3nc3ncccc23)c(OC)c1,-11.15
O=C(OC1CCN(CCc2ccccc2)CC1)C(c1ccccc1)c1ccccc1,-11.13
O=C(O)CNC(=O)Nc1c2ccccc2cc2c1ccc1ccccc12,-11.12
O=c1c2ccccc2nc(C=Cc2ccccc2)n1-c1nnc(CN(c2ccccc2)c2ccccc2)s1,-11.02
O=C(N[C@@H](Cc1ccc(OCc2ccccc2)cc1)C(=O)O)OCc1ccccc1,-11.01
CN1CCC(CCCOC(=O)C2c3ccccc3-c3ccccc32)CC1,-10.98
Cc1cc(S(=O)(=O)N2CCNC2=O)c(SCCCN(C)C)cc1Cl,-10.95
OCCN1CCN(CCCN2c3ccccc3Sc3cccc(Cl)c32)CC1,-10.94
CCO[C@]1(c2ccccc2)C(=O)N(CCCN2CCOCC2)c2ccccc21,-10.93
O=C(CCCN1CCC(CO)(c2ccccc2O)CC1)c1ccc(F)cc1,-10.92
CN(C)S(=O)(=O)c1ccc2c(c1)[C@@H](N1CCNCC1)Cc1ccccc1S2,-10.86
CC(=O)O[C@@H](CCN1CCN(c2ccccc2)CC1)C(=O)c1ccc(F)cc1,-10.83
NC(=O)N1CCN(CCCN2c3ccccc3Sc3ccc(Cl)cc32)CC1,-10.83
C=CCN1CCc2cc(OC)c(OC)cc2[C@@H]1CCc1ccc([N+](=O)[O-])cc1,-10.81
Oc1ccc(Cl)cc1Cc1cc(Cl)cc(Cc2cc(Cl)ccc2O)c1O,-10.81
CO[C@@]1(NC(=O)CSC(F)F)C(=O)N2C(C(=O)O)=C(CSc3nnnn3CCO)CO[C@@H]21,-10.8
COc1ccccc1CN(C)N1C(=O)[C@@](CCN(C)C)(c2ccccc2)c2ccccc21,-10.78
Cn1c(=O)c2c(ncn2CCN2CCC(C(=O)c3ccc(F)cc3)CC2)n(C)c1=O,-10.74
C[C@]1(c2ccccc2)CN(CCN2CCOCC2)c2ccccc21,-10.71
CCCOc1cccc(NC(=O)O[C@H]2CCCC[C@@H]2N2CCCC2)c1,-10.71
COc1ccc2c3c1O[C@H]1[C@@H](OC(=O)c4cccnc4)C=C[C@H]4[C@@H](C2)N(C)CC[C@@]341,-10.69
Nc1nc(=O)c2cc(C[C@@H](C(=O)O)c3ccc(C(=O)N[C@@H](CCC(=O)O)C(=O)O)cc3)ccc2[nH]1,-10.69
COc1cc(C)c2[nH]c(C)c(CCN3C[C@H]4CC[C@H](CC4)C3)c2c1,-10.68
COC(=O)C1=CO[C@@H](O[C@@H]2O[C@H](CO)[C@@H](O)[C@H](O)[C@H]2O)[C@@H]2[C@@H](C)[C@@H](O)C[C@H]12,-10.64
O=C1NC(=Cc2ccc([N+](=O)[O-])cc2)C(=O)N1c1cccc(Cl)c1,-10.64
CC1(C)Cc2cccc(OC(=O)NCSc3ccc(C(C)(C)C)cc3)c2O1,-10.6
CCN(CC)CC[C@]1(c2ccccc2)C(=O)N(N(C)Cc2cccc(OC)c2)c2ccccc21,-10.56
COc1cc(S(=O)(=O)O)c(C)cc1/N=N/c1c(O)ccc2cc(S(=O)(=O)O)ccc12,-10.56
Clc1ccc(C(OCCNN2CCOCC2)c2ccc(Cl)cc2)cc1,-10.53
CSc1nc(N)c2ncn([C@@H]3O[C@H](CO[P@@](=O)([O-])O[P@@](=O)([O-])OP(=O)([O-])[O-])[C@@H](O)[C@@H]3O)c2n1,-10.53
CC(C)C[C@H]1Nc2cc(Cl)c(S(N)(=O)=O)cc2S(=O)(=O)N1,-10.51
CCN(CC)CCC[C@]1(c2ccccc2)C(=O)N(N(C)Cc2ccccc2Cl)c2ccccc21,-10.51
CCN(CC)CCCN1CCc2ccccc2S(=O)(=O)c2ccccc21,-10.51
CCN1CCC[C@@H]1CNC(=O)c1cc(NS(C)(=O)=O)c(C)cc1OC,-10.51
COc1cc2c(cc1OC)S(=O)(=O)O[C@H](C(=O)N[C@H](C)CC(C)(C)N(C)C)C2,-10.5
O=c1ccc2c(O)c(-c3ccccc3)coc-2c1CN1CCCCC1,-10.49
C#C[C@]1(OC(=O)C(C)(C)C)CC[C@H]2[C@@H]3CCC4=CC(=O)CC[C@@H]4[C@H]3CC[C@@]21C,-10.48
C[N+](C)(C)Cc1cc2cc(Cc3ccc4[nH]c(C[N+](C)(C)C)cc4c3)ccc2[nH]1,-10.47
Oc1c(CN2CCCCC2)cc2oc(-c3ccccc3)cc2c1Br,-10.47
C1=CC[C@@H]([C@H]2OCC3(CO[C@H]([C@@H]4CC=CCC4)OC3)CO2)CC1,-10.46
CN(C)CCS(=O)(=O)C1c2ccccc2C=Cc2ccccc21,-10.45
CC(=O)N[C@H]1[C@H](Oc2ccc([N+](=O)[O-])cc2)O[C@H](CO)[C@H](O)[C@@H]1O,-10.44
[H]/N=C(\c1ccccc1)c1ccc2c(c1N)C(=O)c1ccccc1C2=O,-10.43
CCN(CC)CCNC(=O)[C@H](C)c1ccc(-c2ccccc2)cc1,-10.39
CCCC[C@@H](CC)CO[C@@H](CBr)c1cccc(C2CCCCC2)c1,-10.38
O=[N+]([O-])c1ccc(S(=O)(=O)c2ccc([N+](=O)[O-])cc2)cc1,-10.37
Clc1ccc2c(ccn2C2=CCN(CC3CC3)CC2)c1,-10.36
C=C[C@@H]1C[N@+]2(CCCCCC)CC[C@H]1C[C@@H]2[C@@H](O)c1ccnc2ccc(OC)cc12,-10.35
CCc1cc(CCN2C(=O)c3ccccc3C2=O)c(=O)[nH]c1C,-10.35
c1ccc(C[n+]2ccc(-c3cc[n+](Cc4ccccc4)cc3)cc2)cc1,-10.34
COc1cc(-c2ccc(NC(=O)CC(C)=O)c(OC)c2)ccc1NC(=O)CC(C)=O,-10.34
Cc1nc2ccccc2c(=O)n1N=C(/N=N/c1ccccc1)c1ccccc1Cl,-10.31
CON=C(C(=O)N[C@@H]1C(=O)N2C(C(=O)[O-])=C(C[n+]3cccc4c3CCC4)CS[C@@H]12)c1cnc(N)s1,-10.28
Nc1nc(=O)c2ncn([C@@H]3O[C@@H](CO[P@@](=O)(O)O[P@@](=O)(O)OP(O)(O)=S)[C@H](O)[C@H]3O)c2[nH]1,-10.28
CC(C)c1ccccc1SN(C)C(=O)Oc1cccc2c1OC(C)(C)C2,-10.26
Cc1cc(C)c(O[P@@](=O)(Oc2ccccc2)Oc2c(C)cccc2C)c(C)c1,-10.26
Cc1ccc(S(=O)(=O)N2CCN(c3ccc(F)cc3)CC2)cc1,-10.26
O=C(O)c1ccccc1Oc1ccc([N+](=O)[O-])cc1[N+](=O)[O-],-10.25
CN1CCN(CC(=O)c2ccc(S(C)(=O)=O)cc2)CC1,-10.23
Cc1ccc2cc3c(ccc4ccccc43)c3c2c1C[C@H]3O,-10.22
O=C(Nc1nc2ccc([N+](=O)[O-])cc2s1)c1ccc([N+](=O)[O-])cc1,-10.22
O=C1CN=C(c2ccccc2)c2cc(Cl)ccc2N1CCN1CCCC1,-10.22
O=C(C=Cc1ccccc1)O[C@@H](CN1CCCCCC1)c1ccccc1,-10.21
CN(CCOC(=O)C(c1ccccc1)c1ccccc1)C1CCCCC1,-10.2
CCN(CC)C(=O)[C@H]1CN2CCc3cc(OC)c(OC)cc3[C@@H]2C[C@H]1OC(C)=O,-10.16
CCCCC[C@H](O)C=C[C@H]1[C@H](O)CC(=O)[C@@H]1CC=CCCCC(=O)OC,-10.14
CN[C@@H]1[C@@H](O)[C@@H](O[C@@H]2[C@@H](O)[C@H](O[C@H]3O[C@H]([C@@H](C)NC)CC[C@H]3N)[C@@H](N)C[C@H]2N)OC[C@]1(C)O,-10.13
COc1ccc2c(c1OC)C(=O)O[C@@H]2[C@H]1c2c(cc3c(c2OC)OCO3)CCN1C,-10.12
CCN(CC)C(=S)SC/C(=N\c1ccc(C)cc1)Nc1ccccc1,-10.11
CCN(CC)CCCN1C[C@@](CC)(c2ccccc2)c2ccccc21,-10.1
CO[C@@]12[C@H](COC(N)=O)C3=C(C(=O)C(C)=C(NCCO)C3=O)N1C[C@@H]1N[C@@H]12,-10.09
CC(=O)NCC1(c2ccccc2)CCN(Cc2ccccc2)CC1,-10.07
CC[C@H](C)[C@H](N)C(=O)N1CCC[C@H]1C(=O)N[C@H](C(=O)O)[C@@H](C)CC,-10.07
O=C(O)[C@@H](Cc1cc(I)c(O)c(I)c1)c1ccccc1,-10.05
CCCCCC1C(=O)N(C2CCCCC2)C(=O)N(C2CCCCC2)C1=O,-10.02
COc1cc([C@@H](c2ccccc2)c2cn(CC(=O)O)c3ccccc23)cc(OC)c1OC,-10.02
COc1ccc2nccc([C@@H](O)Cc3nccc4ccccc34)c2c1,-10.02
CC(C)(c1ccc2c(c1)C(=O)OC2=O)c1ccc2c(c1)C(=O)OC2=O,-10.01
C=CCC1(CC=C)C(=O)N(C2CCCCC2)C(=S)N(C2CCCCC2)C1=O,-10
CC(C)(C)NC[C@H](O)COc1ccc(-c2cc(=O)c3ccccc3o2)cc1,-10
CCN(CC)CCN1C[C@@](CC)(c2ccccc2)c2ccccc21,-9.99
CC(=O)N[C@H]1[C@H](O[P@](=O)(O)O[P@](=O)(O)OC[C@H]2O[C@@H](n3ccc(=O)[nH]c3=O)[C@H](O)[C@@H]2O)O[C@H](CO)[C@@H](O)[C@@H]1O,-9.98
Cc1ccccc1-n1c(C=Cc2ccccn2)nc2ccccc2c1=O,-9.98
CN(C)CCCNc1c2c(nc3ccccc13)CCCCC2,-9.98
CNC(=O)[C@H](CC(=O)Nc1nnc(CC(C)C)s1)S(=O)(=O)O,-9.96
CN1CC[C@H]2CCC[C@H](NC(=O)c3ccc(Cl)cc3)[C@H]2C1,-9.95
O=S(=O)(c1cccc2cnccc12)N1CCCNCC1,-9.95
CCCCCCCCCCCCCCc1ccc(S(=O)(=O)O)cc1,-9.94
CCC[C@H](CN(CC)CC)Oc1ccc(C(=O)Oc2ccc(OC)cc2)cc1,-9.93
CCN(CC)CCC[C@](C(=O)O)(c1cccc2ccccc12)C(C)C,-9.89
COc1cc(N)c(/N=N/c2ccc([N+](=O)[O-])cc2Cl)cc1C,-9.89
CN(C)CCCc1cc(-c2ccccc2)oc1-c1ccccc1,-9.86
CC(C)(C)NCC(=O)N1c2ccccc2CCc2ccccc21,-9.83
CCCC[N+](C)(C)c1ccc(C2C(C(=O)OC)=C(C)NC(C)=C2C(=O)OC)cc1,-9.82
O=C(c1cccc2ccccc12)N(CC1=NCCN1)c1ccccc1,-9.82
CN1[C@@H]2CC[C@H]1C[C@H](OC(c1ccccc1)c1ccccc1)C2,-9.81
CC(=O)Oc1cc2c(c(OC(C)=O)c1)[C@H]1CC[C@]3(C)C(=O)CC[C@@H]3[C@H]1CC2,-9.8
CCN(CC)CC#CCN1C(=O)N(CC#CCN(CC)CC)C(=O)C(CC)(CC)C1=O,-9.8
C[C@@H]1CN1C1=CC(=O)c2c(c(CO)c(-c3ccccc3)n2C)C1=O,-9.79
C[C@]12C=CC(=O)C=C1CC[C@@H]1[C@@H]2CC[C@]2(C)[C@@H](C3=CC(=O)OC3)CC[C@]12O,-9.79
C=CCc1cc(C(C)(C)c2ccc(O)c(CC=C)c2)ccc1O,-9.79
O=C(Nc1ccccc1)c1ccc([N+](=O)[O-])cc1[N+](=O)[O-],-9.79
CC[C@H]1CN2CC[C@H]1C[C@@H]2[C@@H](O)c1ccnc2ccc(OC)cc12,-9.77
CN1CC[C@@H](COC(=O)[C@@](O)(c2ccccc2)C2CCCCC2)C1,-9.74
CCCCCCNC(=O)c1ccc(OC[C@H](O)CNC(C)C)cc1,-9.71
CCN(CC)CCN(C(=O)c1cccc2ccccc12)c1ccccc1,-9.7
C[C@H]1c2ccccc2CCc2cccc(CCCN(C)C)c21,-9.68
Cc1ccc([C@H]2c3cc(O)ccc3[C@H]3NCCC[C@@H]23)cc1N,-9.67
C=C(C)C(=O)O[C@H]1CC(CO)=C[C@H](O)CC(C)=C[C@@H]2OC(=O)C(=C)[C@H]21,-9.65
CC(=O)Nc1ccc(C(=O)C=Cc2ccc([N+](=O)[O-])o2)cc1,-9.65
O=C(C=Cc1ccc([N+](=O)[O-])o1)c1ccccc1[N+](=O)[O-],-9.65
CCCCS(=O)(=O)c1nnc(N(C)c2nc3ccccc3[nH]2)s1,-9.62
CS(=O)(=O)c1ccc(C(=O)CNc2ccccc2)cc1,-9.62
C1CN(C[C@H]2CO2)CCC1C1CCN(C[C@H]2CO2)CC1,-9.61
Oc1ccc2c(c1)[C@]13CCN(CC4CC4)[C@@H](C2)[C@@H]1CCOC3,-9.61
Clc1ccccc1Nc1nc(Nc2ccccc2Cl)nc(Nc2ccccc2Cl)n1,-9.6
C[C@H](c1cc(CCc2ccccc2)ccc1CO)n1ccnc1,-9.58
NS(=O)(=O)c1ccc(C(=O)NCc2ccccc2)cc1,-9.58
COc1cc(Br)cc2c1O[C@@H](c1ccc(Cl)cc1)C([N+](=O)[O-])=C2,-9.55
CN1CCN(c2c3c(nc4ccccc24)CCCC3)CC1,-9.54
O=C(CCCN1CCC2(CCCC2)C1)c1ccc(F)cc1,-9.53
CN(C)CCCN1c2cc(Cl)ccc2CCc2ccc(Cl)cc21,-9.52
CC(C)[N@+]1(C)[C@@H]2CC[C@H]1C[C@H](OC(=O)[C@H](CO)c1ccccc1)C2,-9.51
CCN(CC(=O)NCn1cnc2ccccc2c1=O)c1ccccc1,-9.5
CCN(CC)CCNC(=O)c1cc(Cl)c(NC(C)=O)cc1OC,-9.5
CCn1c2c(c3ccccc31)CCC[C@]2(CC)CCN(C)C,-9.5
CON=C(C(=O)N[C@@H]1C(=O)N2C(C(=O)O)=CCS[C@H]12)c1cnc(N)s1,-9.5
CCCOc1ccc(C(=O)[C@H](CC)CN2CCCCC2)cc1,-9.49
O=C(Nc1ccc(Oc2ccc(Cl)cc2)c(Cl)c1)c1cc(I)cc(I)c1O,-9.49
Cc1cc(O)c(C(C)(C)C)cc1Cc1cc(C(C)(C)C)c(O)cc1C,-9.46
CN(C)[C@@H](CCOc1cccc2ccccc12)c1ccccc1,-9.46
COc1c(NC(=O)OC(C)C)c(OCCN2CCCCC2)c(OC)c2occc12,-9.45
CC[C@@H]1CN(C)[C@@H]2Cc3c([nH]c4ccccc34)C(=O)C[C@H]1[C@@H]2C(=O)OC,-9.44
CC(C)[C@@H]1CC[C@@H](Cc2ccc(Cl)cc2)[C@]1(O)Cn1cncn1,-9.43
COc1cc(C(=O)N2CCN(c3ccccc3)CC2)cc(OC)c1OC,-9.43
COc1cc2c(OCCCN(C)C)c3c(nc2c(OC)c1OC)CCCCC3,-9.43
CC1(C)C[C@H](NC(=O)[C@]23C[C@H]4C[C@H](C[C@H](C4)C2)C3)C(=O)O1,-9.42
CCC1(CC#CCN2CCCC2)C(=O)NC(=O)NC1=O,-9.42
Cc1c(-c2ccccc2)oc2c(CN3CCCCC3)c(=O)ccc-2c1O,-9.41
CN(C)CCN1c2cc(Cl)ccc2C(=O)N[C@@H]1c1ccc(Cl)cc1,-9.41
CCOC(=O)CN(C)CCC(=O)c1ccc(-c2ccccc2)cc1,-9.39
CO[C@]1(C)CC[C@@]23C[C@@H]1C(C)(C)[C@@H]2CC[C@H]3C,-9.39
O=c1c2ccccc2nc(OCc2ccccc2)n1-c1ccccn1,-9.39
CCOC(=O)[C@](C)(N)Cc1cc(I)c(Oc2cc(I)c(O)c(I)c2)c(I)c1,-9.38
CN1C[C@@H](NC(=O)C(C)(C)C)C[C@@H]2c3cccc4[nH]c(Cl)c(c34)C[C@H]21,-9.38
C[C@]12C[C@@H]3C[C@](C)(C1)C[C@@](C/N=C(/N)CS)(C3)C2,-9.36
c1ccc(-c2ccc3c(ccc4ccccc43)c2)cc1,-9.36
CCN(CC)CCNC(=O)c1cc(OCCOC)nc2ccccc12,-9.36
COC(=O)C=Cc1ccc(N(c2ccccc2)c2ccccc2)cc1,-9.36
Nc1ccc(NC(=O)Nc2ccc(N)c(S(=O)(=O)O)c2)cc1S(=O)(=O)O,-9.36
CN(c1ccc(Cl)cc1)S(=O)(=O)c1ccc(Cl)cc1,-9.32
CCCCCC[C@@H](C)Nc1ccc(N[C@H](C)CCCCCC)cc1,-9.31
CNC1CN(C2c3ccccc3C=Cc3ccccc32)C1,-9.3
COc1ccc([C@]2(C)NC(=O)N(CN3CCOCC3)C2=O)cc1,-9.3
CCCCN(CCCC)C(=O)c1ccc(/N=C(\N)N=C(N)N)cc1,-9.29
COc1cc2c(c(OC)c1OC)-c1ccc(SC)c(=O)cc1[C@@H](NC(C)=O)CC2,-9.29
NS(=O)(=O)c1cc(C(=O)O)cc(N2CCCC2)c1Oc1ccccc1,-9.29
CN(C)c1ccc(-c2sc3c([n+]2C)CCCCC3)cc1,-9.28
Oc1c(Cl)cc(Oc2c(Cl)cc(Cl)cc2Cl)c(Cl)c1Cl,-9.27
C=CCN1C(=O)C(=CC=C2N(C)N=NN2CC)SC1=S,-9.26
COc1c(Cl)cc(Oc2c(Cl)cc(Cl)cc2Cl)cc1Cl,-9.26
COc1ccc2c(c1)CC[C@@H](c1ccccc1)[C@]2(O)c1ccncc1,-9.25
CCC(=O)N(c1ccc(Cl)c(Cl)c1)[C@@H]1CCC[C@H]1N(C)C,-9.22
CN(C)c1ccc(OCCCCCCOc2ccc(N(C)C)cc2)cc1,-9.22
CN(C)CCN1C(=O)[C@@H](c2ccccc2)c2ccccc21,-9.21
CON1C(C)(C)CC(OC(=O)NP(=O)(N2CC2)N2CC2)CC1(C)C,-9.2
CCCCCCCCCCc1ccc(S(=O)(=O)O)cc1,-9.19
CCCCCS[C@@H](C)[C@@]1(CCCC)C(=O)N=C(S)NC1=O,-9.19
CCN(CC)CCC[C@]1(c2ccccc2)C(=O)Oc2ccccc21,-9.19
Nc1ccccc1Nc1c2ccccc2nc2ccccc12,-9.19
O=C(N[C@H](CO)[C@H](O)c1ccc([N+](=O)[O-])cc1)C(Cl)Cl,-9.19
Cc1nc2ccccc2c(=O)n1CCOC(=O)c1ccncc1,-9.18
O=C1NN(Cc2ccccc2)C(=O)Nc2ccccc21,-9.18
CC(=O)c1ccc(OCCCCCOc2ccc(N)cc2)cc1,-9.17
CCCCCCN(C)C(=O)c1cccc(Oc2ccccc2)c1,-9.15
CCOC(=O)CCCCCCCC[C@@H](C)c1ccc(I)cc1,-9.15
CCCc1cc(C(=O)O)cc(CCC)c1OCc1ccccc1,-9.14
Clc1ccc(Oc2c(Cl)cc(Cl)c(Cl)c2Cl)c(Cl)c1,-9.13
C[C@]12CCC(=O)C=C1[C@@H]1C[C@@H]1[C@@H]1[C@@H]2CC[C@@]2(C)[C@H]1CC[C@@]2(O)CCC(=O)O,-9.11
CCCCCCCCCCCC=NNc1ccc([N+](=O)[O-])cn1,-9.09
CC[C@](CCN(C)C)(OC(=O)COc1ccccc1)c1ccccc1,-9.08
CN(C)CCCN1C(=O)c2ccccc2Nc2ccccc21,-9.08
COc1ccc(CN(C)/N=N/c2ccc(C(=O)O)cc2)cc1,-9.08
CCOP(=S)(OCC)Sc1nc(Cl)nc(SP(=S)(OCC)OCC)n1,-9.07
Nc1cnc(/N=N/c2c(I)cc(I)c(C(=O)O)c2I)c(N)c1,-9.07
Cc1ccc2nc3c(c(NCC(C)C)c2c1)CCCC3,-9.06
CCN(CC)CCOC(=O)[C@](O)(c1cccs1)[C@@H]1C=CCC1,-9.06
CN1CC[C@]23c4c5ccc(O)c4O[C@@H]2C(=O)CC[C@]3(O)[C@H]1C5,-9.06
C=C(C)[C@@H]1CCC(C)=C[C@H]1c1c(O)cc(O)cc1CCCCC,-9.04
c1ccc(CP(Cc2ccccc2)Cc2ccccc2)cc1,-9.04
O=C(NC=CNC(=O)Sc1ccccc1)Sc1ccccc1,-9.04
O=C(O[C@H]1Cc2c(O)cc(O)cc2O[C@H]1c1ccc(O)c(O)c1)c1cc(O)c(O)c(O)c1,-9.04
CC(=O)Nc1ccc2c(c1)[C@H](O)c1ccccc1-2,-9.02
CCN(CCC#N)c1ccc(/N=N/c2nc3cc(Cl)cc(Cl)c3s2)cc1,-9.02
Cn1c(=O)c2c(ncn2CCNCc2cccnc2)n(C)c1=O,-9.02
O=C(CC1C=CC=CC=C1)OCCN1CCCCC1,-9.02
O=C1c2ccc(Cl)cc2-c2cc(Cl)ccc21,-9.02
c1c2c(cc3c1OCO3)-c1cc3ccc4c(c3c[n+]1CC2)OCO4,-9
CN(C)C(=O)Nc1ccc([N+](=O)[O-])cc1[N+](=O)[O-],-8.97
CC(=O)[C@@H]1CC[C@@H]2[C@H](CCC3=CC(=O)CC[C@H]32)C1,-8.96
COc1ccc(-c2cc(Cl)cc([C@H](C)C(=O)O)c2)cc1,-8.96
CCCN(CCC)[C@@H]1Cc2cccc3cc(O)cc(c23)C1,-8.95
CC(=O)N(O)c1ccc(C=Cc2ccc(Br)cc2)cc1,-8.93
COC(C(=O)OCc1ccccn1)(c1ccccc1)c1ccccc1,-8.93
O=C(N[C@]12C[C@H]3C[C@H](C[C@H](C3)C1)C2)c1cccnc1,-8.93
O=[N+]([O-])c1cc(Cl)c(/N=N/c2ccc(N(CCO)CCO)cc2Cl)c(Br)c1,-8.92
O=C(O)c1ccc[n+]([C@H]2O[C@@H](CO[P@@](=O)([O-])O)[C@@H](O)[C@@H]2O)c1,-8.91
O=C(Sc1ccccc1)c1ccc2ccccc2c1,-8.91
CCCCCCCCCCCC(=O)Oc1c(Cl)c(Cl)c(Cl)c(Cl)c1Cl,-8.9
CCCCN(CCCC)C/C(S)=N/c1c(C)cc(C)cc1C,-8.9
CCCCNc1c2c(nc3ccc(C)cc13)CCCC2,-8.9
CCCC[C@]1(Cc2ccccc2)C(=O)N=C(S)NC1=O,-8.89
Cc1ccc(OCC(=O)O)c(C(=O)Nc2cccc(C(F)(F)F)c2)c1,-8.86
Clc1ccc2c(c1)oc1c(Cl)c(Cl)c(Cl)c(Cl)c12,-8.86
CN(C)c1ccc(OCCCOc2ccc(N(C)C)cc2)cc1,-8.86
CN1C(=O)CN=C(C2CCCCC2)c2cc(Cl)ccc21,-8.86
CCn1cc(C(=O)O)c(=O)c2cc(F)c(N3CCNCC3)cc21,-8.85
COc1cccc(-c2ncn(-c3ccccc3C=O)n2)c1,-8.85
O=Nc1ccc(NNC(=O)c2ccccc2)c(=O)cc1,-8.85
CN(C)c1ccc(C=C2C(=O)N=C(S)NC2=O)cc1,-8.84
Cn1c(CC(=O)c2cccnc2)nc2ccccc2c1=O,-8.83
CCCON=C(C)c1ccc(-c2ccc(C)cc2)s1,-8.81
CCCCCCCCCCOP(Oc1ccccc1)Oc1ccccc1,-8.8
CC(=O)N(O)c1ccc(-c2ccccc2C)cc1C,-8.79
O=C(Cc1ccccc1)Nc1ccc([N+](=O)[O-])cc1,-8.79
[H]/N=C1\CC/C(=N\[H])c2c1c(O)c1ccccc1c2O,-8.77
COc1cc2ncnc(Nc3ccc(O)cc3)c2cc1OC,-8.77
Clc1ccc(C(Br)=C(c2ccccc2)c2ccccc2)cc1,-8.75
CN(C)CC[C@@H](c1ccc(Cl)cc1)c1ccccn1,-8.75
Cc1cc(C)c2c(ccc3cc(C)cc(C)c32)c1,-8.74
Cc1cccc(C)c1NC(=O)OC[C@H]1CCCN(C)C1,-8.74
Nc1ccc([C@H]2CC[C@H](c3ccc(N)cc3)CC2)cc1,-8.73
O=C(O)c1ccccc1SSc1ccc(Cl)cc1,-8.73
CN(C)C[C@H]1[C@H]2CC[C@H](CC2)[C@@H]1c1ccccc1,-8.72
C[C@@H]1CCCCN1CCCOC(=O)c1ccccc1O,-8.71
NC(N)=NCCCOC(=O)c1ccc([N+](=O)[O-])cc1,-8.71
NCCS(=O)(=O)NS(=O)(=O)c1ccc(N)cc1,-8.71
O=C(Nc1cc(Cl)cc(Cl)c1O)c1c(O)c(Cl)cc(Cl)c1Cl,-8.71
O=C(Nc1ccccc1)c1ccccc1OCc1nnc(S)o1,-8.71
CC[N+](C)(CC)CCC(=O)N1c2ccccc2Sc2ccccc21,-8.69
N#CC(=Cc1ccc(O)c(O)c1)C(=O)NCc1ccccc1,-8.69
COc1cc(C(=O)N2C[C@@H]3C[C@@H](CN(C)C3)C2)cc(OC)c1OC,-8.67
CN[C@@H](CC(=O)c1ccc(OC)cc1)c1ccccc1,-8.66
C=C1CCC=C(C)CC[C@]2(C)C(C)(C)C[C@@]12C,-8.65
CCN(CC)CCOC(=O)COc1c(C(C)C)ccc(C)c1C(=O)OC,-8.65
COc1cc(Br)c2c(c1CN(C)C)-c1ccccc1C2=O,-8.65
CCc1nc2ccc(F)cc2c(=O)n1-c1ccc(C)cc1,-8.63
c1ccc(CN(CC2=NCCN2)c2ccccc2)cc1,-8.61
CC(=O)O[C@@H]([C@H](OC(C)=O)[C@@H](CN=C=S)OC(C)=O)[C@@H](CN=C=S)OC(C)=O,-8.61
CC[n+]1c(C)c(C(=O)OC(C)C)c(-c2ccccc2Cl)c(C(=O)O)c1C(=O)O,-8.6
C[C@H]1CC[C@H](NCCOC(=O)c2ccc(N)cc2)CC1,-8.59
CCOC(=O)COc1ccccc1Cc1ccc(Cl)cc1,-8.59
NC(=O)C1(N2C(=O)c3cccc(Cl)c3C2=O)CCCCC1,-8.59
C=C1CC[C@H]2C(=C)CC[C@H]3C(=C)C(=O)O[C@@H]3[C@@H]12,-8.56
CCC(=O)O[C@H]1[C@H](c2ccccc2)[C@H]2CC[C@@H]1N(C)C2,-8.55
O=C1c2ccccc2C(=O)c2c(O)c(Br)cc(O)c21,-8.55
Cc1cccc2c1C(=O)c1ccccc1C2=O,-8.54
CN(C)C[C@@H](O)COC[C@]12C[C@H]3C[C@H](C[C@H](C3)C1)C2,-8.54
O=C(OCCCl)Oc1c(Cl)cc([N+](=O)[O-])cc1[N+](=O)[O-],-8.54
C[C@@H](Br)c1nc(-c2ccccc2)nc(-c2ccccc2)n1,-8.53
COc1ccc2c(c1)-c1c3c(cc4ccnc(c14)C2=O)OCO3,-8.53
CCOc1ccc(CC(=O)NCc2ccc(O)c(OC)c2)cc1,-8.52
CCOC(=O)c1[nH]c2ccc(C(C)=O)cc2c1CCN(C)C,-8.51
CN(CCCl)C[C@H]1COc2cc3ccccc3cc2O1,-8.51
Cc1ccc2c(c1)S[P@](=S)(c1ccccc1)N2,-8.5
O=[S@@](O)c1ccc(/N=N/c2ccc(Cl)cc2)cc1,-8.5
O=C(C=Cc1ccc([N+](=O)[O-])o1)NN(CCCl)CCCl,-8.5
c1ccc2c(c1)c1cccc3sc4cccc2c4c31,-8.49
O=C1N=C(S)NC(=O)C1=Cc1ccccc1C(=O)O,-8.49
CCN(CC)CCSCC(=O)Nc1ccccc1Cl,-8.48
CCC(Br)(CC)C(=O)N1C(=O)NC(=O)[C@@](CC)(c2ccccc2)C1=O,-8.45
CCCN1Cc2ccccc2-c2ccccc2C1,-8.43
C=C1C(=O)O[C@@H]2C[C@@H](C)[C@@H]3CC(=O)OC[C@@]3(C)C[C@H]12,-8.42
COc1c(CC(=O)O)cccc1C(=O)c1ccccc1,-8.42
COc1ccc(CN[C@H](C)[C@H](O)c2ccccc2)cc1,-8.42
O=C(O)c1cc(=O)[nH]c(=O)n1[C@H]1O[C@H](COP(=O)(O)O)[C@@H](O)[C@@H]1O,-8.41
CC(=O)N(O)c1ccc(C=Cc2ccc(F)cc2)cc1,-8.4
CC(C)C[C@H](NC(=O)CNC(=O)OCc1ccccc1)C(=O)O,-8.4
CCCC[C@@](O)(C[C@@H](C)N(CC)CC)c1cc(OC)ccc1OC,-8.4
CCCCOCCOC(=O)CCCOc1ccc(Cl)cc1Cl,-8.39
CN(C(=O)C(Cl)Cl)c1ccc(OC(=O)c2ccco2)cc1,-8.39
[H]/N=c1\cc2oc3cc(N)ccc3nc-2c2ccccc12,-8.38
C=C(C)C#C[C@](C)(O)[C@H](C)CSCCCCCCCCCC,-8.37
O=C(O)[C@@]12C[C@@H]3C[C@@H](C[C@@](Br)(C3)C1)C2,-8.37
CC1=NCCc2ccc(-c3ccccc3)cc21,-8.36
OC1c2ccccc2CCc2ccccc21,-8.36
CC(=O)N(C[C@H]1CCCN(C)C1)c1ccccc1,-8.35
Cc1cc2c(cc1C)C(=O)[C@@H](N1CCCCC1)CCO2,-8.35
Cc1cc2ccc(-c3ccccc3)cc2c[n+]1C,-8.35
COC(=O)C=CC(=O)Nc1nnc(CC(C)C)s1,-8.35
CCOC(=O)CCN(CCC(=O)OCC)[C@@H](C)c1ccccc1,-8.34
O=C1OC(=Cc2ccc(Cl)cc2)c2ccccc21,-8.33
Cc1c([N+](=O)[O-])oc2ccc3ccccc3c12,-8.32
CCN(CC)CCOC(c1ccccc1)c1ccccc1,-8.32
Clc1ccc(C2(Cn3cncn3)OCCO2)c(Cl)c1,-8.31
Clc1cccc(-c2cc(Cl)c(Cl)cc2Cl)c1,-8.31
C[C@@H]1O[C@@H](O[C@@H](C=O)[C@@H](O)[C@H](O)[C@H](O)CO)[C@H](O)[C@H](O)[C@H]1O,-8.3
COc1cc(OC)c2c(=O)cc(-c3ccccc3)oc2c1,-8.3
Nc1ccc(C(=O)OCCNC2CCCCC2)cc1,-8.3
O=C(O)c1ccccc1C(=O)Nc1cccc(C(F)(F)F)c1,-8.3
CCCN(CCC)CC(=O)N[C@H]1C[C@@H]2CC[C@H]1C2,-8.29
CCc1ccccc1Nc1ccnc2ccccc12,-8.28
c1ccc(-c2nn3cnnc3c3ccccc23)cc1,-8.26
CCCCCCOc1ccccc1NC(=O)OCCN(C)C,-8.26
CCNC(=O)OCC[C@H]1C(COC(=O)NCC)=CCN1C,-8.24
Clc1ccc(Oc2cccc(Cl)c2Cl)c(Cl)c1,-8.24
C1C[C@H]2[C@H]3C[C@@H]([C@H]2C1)C1(C3)OCCO1,-8.23
CC(C)C(=O)NNc1nncc(-c2ccccc2)n1,-8.22
CC(=O)Nc1ccc(C=Cc2ccc(O)cc2)cc1,-8.21
Cc1cc(/N=N/c2ccc(Nc3ccc([N+](=O)[O-])cc3S(=O)(=O)O)cc2)ccc1OS(=O)(=O)c1ccccc1,-8.21
CN(N=O)C(=O)c1ccc(C(=O)N(C)N=O)cc1,-8.21
CN1CCC[C@@H]1c1c[nH]c2ccc(O)cc12,-8.21
c1ccc(-c2cc(CN3CCCC3)on2)cc1,-8.2
CC(=O)[C@H]1CCC2=C(C1)C(C)(C)CCC2,-8.19
CCOc1ccc(NC(=O)ON=C(N)C(Cl)(Cl)Cl)cc1,-8.19
COc1c(C=C[N+](=O)[O-])ccc2c(C)c(C)oc12,-8.18
COc1cc(Cc2cnc(N)nc2N)cc(OC)c1,-8.18
NCCNS(=O)(=O)c1cccc2cnccc12,-8.18
CC(C)(C)NC[C@H](O)c1cc(F)c(N)c(C#N)c1,-8.16
O[C@H](c1ccccc1)c1nc2ccccc2[nH]1,-8.15
O=S(=O)([O-])CCN1CC[NH+](CCO)CC1,-8.15
Cc1cccc(Oc2ccc([N+](=O)[O-])cc2)c1,-8.14
O=C1Nc2ccc(S(=O)(=O)O)cc2C1=O,-8.13
CCOC(=O)C1(NC(=O)N(CCCl)N=O)CCCCC1,-8.11
O=C1CN=C(c2ccccc2F)c2cc(Cl)ccc2N1,-8.11
CC(C)c1s[nH]c2nc(C(C)(C)C)nc(=O)c1-2,-8.1
COC(=O)c1ccc(Oc2ccc(C(=O)OC)cc2)cc1,-8.1
C[C@@H](O)CN1C(=O)[C@@H]2[C@H](C1=O)[C@H]1CC[C@@H]2O1,-8.09
C=C(C)C[C@]1([C@H](C)CCC)C(=O)N=C(S)NC1=O,-8.09
CCOC(=O)c1ccc(/N=[N+](\[O-])c2ccc(C(=O)OCC)cc2)cc1,-8.09
Clc1cc(Cl)c2c(c1Cl)Cc1c(Cl)c(Cl)cc(Cl)c1O2,-8.09
CCCCCC=CCC=CCC=CCCCCCCC(=O)O,-8.08
COc1ccc(NC2=NCCO2)c2c1CCCC2,-8.08
O=C(CCc1ccccc1)CCc1ccccc1,-8.08
COc1ccc(S(=O)(=O)Cl)cc1[N+](=O)[O-],-8.07
O=C(O[C@H]1CN2CCC1CC2)c1ccccc1,-8.07
O=C([O-])CC[C@H](NC(=O)c1ccccc1C(=O)[O-])C(=O)[O-],-8.05
C[N+](C)(C)CCOc1cccc(OCC[N+](C)(C)C)c1OCC[N+](C)(C)C,-8.04
CCCCCC[C@@H](Cl)CSSC[C@H](Cl)CCCCCC,-8.04
CCN(CC)CC(=O)c1c[nH]c2ccccc12,-8.04
CCc1ccccc1/N=N/c1ccc(N(C)C)cc1,-8.03
CCCCCO[C@@H](CBr)c1ccc(C(C)C)cc1,-8.03
N/C(=N\CCC[C@H](N)C(=O)O)N[C@@H](CC(=O)O)C(=O)O,-8.03
COC1=Cc2ccccc2Nc2ccccc21,-8.02
Cc1cc([N+](=O)[O-])c([N+](=O)[O-])c([N+](=O)[O-])c1,-8
Clc1cc(Cl)c(-c2cc(Cl)cc(Cl)c2Cl)c(Cl)c1,-8
Nc1ccc(Oc2ccc(Cl)cc2Cl)cc1,-8
CC=CC[C@@]1(CCCC)C(=O)N=C(S)NC1=O,-7.98
NCC(c1ccccc1)(c1ccccc1)c1ccccc1,-7.97
CC(C)[C@H](O)C(=O)C[C@@H](C)CCC(=O)c1ccoc1,-7.96
CCN(CC)C(=O)C=Cc1ccc2c(c1)OCO2,-7.96
O=c1cc(O[C@@H]2O[C@H](CO)[C@@H](O)[C@H](O)[C@H]2O)cc2oc(-c3ccc(O)c(O)c3)cc(O)c1-2,-7.96
C[C@]12C[C@@H]3C[C@](C)(C1)C[C@@](N)(C3)C2,-7.95
Cc1nc(-c2ccccc2)nc(-c2ccccc2)n1,-7.94
O=C(c1ccc2c(c1)OCO2)N1CCCCC1,-7.94
O=c1oc2cc3occc3cc2c2ccncc12,-7.93
C=CC[C@]1([C@@H](C)C#CC)C(=O)N=C(S)NC1=O,-7.92
COc1ccccc1NC(=O)CC(=O)c1ccccc1,-7.92
COCCCCNC[C@@H](O)C(C)(C)Oc1ccccc1,-7.92
Cc1cc(C)c(NN=Cc2ccccc2)nn1,-7.91
CC(C)CC(=O)C=Cc1ccc2c(c1)OCO2,-7.9
ClCCN(CCCl)Cc1nc2ccccc2[nH]1,-7.9
O[C@@H](CNCCc1ccccc1)c1ccccc1,-7.9
Clc1cc(Cl)cc(-c2ccccc2Cl)c1,-7.89
COc1ccc(OCC(=O)OCC[C@H]2CNCCO2)cc1,-7.88
CN1C(=O)NC(c2ccccc2)(c2ccccc2)C1=O,-7.87
Cc1cccc2c1cc(C)c1cccc(C)c12,-7.86
Clc1c(Cl)c(Cl)c2c(oc3ccccc32)c1Cl,-7.84
Brc1ccc(Oc2ccc(Br)cc2)cc1,-7.83
C1CSC(CCC2SCCCS2)SC1,-7.83
CC(C)[C@H]1[C@H]2C[C@H](CN(C)C2)CN1C,-7.83
BrSc1ccccc1/N=N/c1ccccc1,-7.82
[H]/N=C(N)/N=N/c1cc2c(O)cn(C)c2cc1O,-7.81
C=CCNC(=O)C(C)=C(C)c1ccc(OC)cc1,-7.81
CCCCCCCCCCCCCCCC[n+]1ccccc1,-7.81
CCn1c2ccccc2c2cc(N)ccc21,-7.81
CCOc1ccc(N(CC(=O)N(C)C)C(C)=O)cc1,-7.81
Nc1ccc(N(c2ccccc2)c2ccccc2)cc1,-7.81
C[N+](C)(C)CCCCN1C[C@@H]2CCC[C@@H](C2)C1,-7.8
CCn1cc(C(=O)O)c(=O)c2cc3c(cc21)OCCO3,-7.79
COc1cc2occ(-c3ccc(O)cc3)c(O)c-2c(=O)c1,-7.78
Nc1c2ccccc2nc2ccccc12,-7.78
Nn1cnc2cc3ccccc3cc2c1=O,-7.78
N/C(CS)=N/CCCN1CCOCC1,-7.77
O=c1c2ccccc2nc(-c2ccccc2)n1-c1ccccc1-c1nc2ccccc2n1CN1CCOCC1,-7.77
O=c1[nH]c(=O)n([C@@H]2C[C@H](O)[C@@H](CO)O2)cc1I,-7.76
Cc1cccc(C)c1OCC/N=C(\N)NN,-7.75
COc1ccc([C@](C#N)(CCN(C)C)C(C)C)cc1,-7.75
COc1ccc(C(=O)C(=O)c2ccccc2)cc1,-7.75
C#CCN(C)[C@H]1CCCOc2cc(Cl)ccc21,-7.74
Cc1cc2nc3c(=O)[nH]c(=O)nc-3[nH]c2cc1C,-7.74
CCCCC(=O)N(C)C(=O)Oc1cccc2c1OC(C)(C)O2,-7.74
CCCN[C@@H]1CCc2nc(N)sc2C1,-7.73
CCN(CC)CC#CCNC(=O)c1ccccc1,-7.72
O=S(=O)(O)c1cccc2ncccc12,-7.72
CC(C)/N=C/Nc1ccc(-c2cnc[nH]2)cc1,-7.71
Cc1c(I)c(=O)n(-c2ccccc2)n1C,-7.71
CC[C@]1(N)CO[C@H](c2ccc(Cl)cc2)OC1,-7.7
O=[N+]([O-])c1cccc2c(Cl)ccc(Cl)c12,-7.7
Cc1cc(CN=C(N)N)c2ccccc2n1,-7.69
Cc1ccc([C@](C)(N)C(=O)OC(C)(C)C)cc1,-7.69
O=[N+]([O-])c1nc2cc(Cl)c(Cl)cc2[nH]1,-7.69
O=S1c2ccccc2Oc2ccccc21,-7.69
Cc1cccc(-c2ccc(Br)cc2)c1,-7.68
Nc1ccc(/N=N/c2ccc(O)c(C(=O)O)c2)cc1,-7.68
Nc1ccc2nc3ccccc3nc2c1,-7.68
CC(C)/N=C(\N)Nc1ccc(Cl)c(Cl)c1,-7.67
CCCCNC[C@H]1COc2c(Cl)ccc(OCC)c2O1,-7.66
O=C1Nc2ccccc2CCc2ccccc21,-7.65
CC(=O)C=C[C@@H]1C(C)=CCCC1(C)C,-7.64
O=C(O)c1ccccc1C(=O)Nc1ccc(F)cc1,-7.64
C#CCN(CCO)Cc1ccc(Cl)cc1Cl,-7.63
C[C@H](CNC1CCCC1)OC(=O)c1ccccc1,-7.63
CC=CC(=O)C1=C(C)C=CCC1(C)C,-7.63
CC[C@@]1(c2ccccc2)CCC(=O)NC1=O,-7.62
Nc1nc(=O)c2nc(N)n([C@@H]3O[C@H](CO)[C@@H](O)[C@H]3O)c2[nH]1,-7.62
C[C@@H](C(=O)O)c1ccc(Oc2nccs2)cc1,-7.61
Cc1cccc(C(=O)c2ccccc2)c1C,-7.61
CCc1ccc(-c2nc3ccccc3[nH]2)nc1,-7.61
O=C(N[C@H]1CCOC1=O)c1ccc(Br)cc1,-7.61
OC(c1ccc(F)cc1)(c1ccc(F)cc1)C1CC1,-7.61
CCN(CC)CCOC(=O)c1ccc(N)cc1C,-7.6
CCCCCc1ccc(C[C@@H](C)NC)cc1,-7.59
CC(C)(C)OC(=O)[C@@H]1CCCC2(CC2)O1,-7.58
Clc1ccc(Cc2ccc(Cl)cc2)cc1,-7.58
O=C(O)CSc1nnc(-c2ccccc2)s1,-7.58
C[C@H]1NC(=O)N(c2ccc(Cl)cc2)C1=O,-7.56
Cc1ccc(C2(O)CCNCC2)cc1,-7.56
CCC[C@@H](C(=O)OCC[N+](C)(CC)CC)c1ccccc1,-7.56
O=C1N=c2cc(N(O)O)c([N+](=O)[O-])cc2=N1,-7.56
CC(C)CC[C@@]1(C)C(=O)NC(=O)N(C)C1=O,-7.55
Clc1c(Cl)c(Cl)c2c(c1Cl)Oc1ccccc1O2,-7.54
CC(=O)Nc1ccc(Cl)c([N+](=O)[O-])c1,-7.53
CCCCCCCCCCCCCCOC(=O)[C@H](C)O,-7.53
CN(C)c1ccc(/N=N/c2ccc(N)cc2)cc1,-7.53
O=C1OC(=O)[C@@H]2C[C@@H](Br)[C@H](Br)C[C@H]12,-7.52
C[C@@]1(C2CCCCC2)NC(=O)NC1=O,-7.51
CCCCOc1ccc(CC(=O)NO)cc1OC,-7.51
CCOC(=O)c1c(-c2ccc([N+](=O)[O-])o2)noc1C,-7.51
O=C(CO)OCC(=O)c1c[nH]c2ccccc12,-7.49
O=C(O)c1c(Br)c(Br)c(Br)c(Br)c1C(=O)O,-7.48
Brc1ccc2oc3ccccc3c2c1,-7.47
C=CCC1(C[C@@H](O)CC)C(=O)NC(=O)NC1=O,-7.47
CCCCCCCCCCCC(=O)c1ccccc1,-7.47
Clc1cc(Cl)c2cc(Cl)cc(Cl)c2c1,-7.47
CC(=O)Nc1cc(S(=O)(=O)O)cc(N)c1O,-7.46
NC(N)=NNc1ccnc(NN=C(N)N)n1,-7.46
C=CCC1(CC(=C)Br)C(=O)NC(=O)NC1=O,-7.45
CC[n+]1c(I)ccc2ccccc21,-7.45
CCCCCCCCOC(=O)[C@H](N)c1ccccc1,-7.44
Cc1cccc(C)c1C(=O)c1ccccc1,-7.41
Cc1cc(=O)n(-c2ccc(Br)cc2)n1C,-7.4
COc1ccc2[nH]cc(CCN(C)C)c2c1,-7.4
CCN(CC)C(=O)SCc1ccc(OC)cc1,-7.38
CNc1ccc(/N=N/c2ccccc2)cc1,-7.37
CC(=O)Nc1ccc(NC=[N+](C)C)cc1,-7.36
CCC[C@]1(CSCC)C(=O)NC(=O)N(C)C1=O,-7.36
CN(C)S(=O)(=O)c1ccc(Br)cc1,-7.36
C=C(C)C1(CCC(C)C)C(=O)NC(=O)NC1=O,-7.35
COC(=O)c1c(-c2ccc([N+](=O)[O-])o2)noc1C,-7.35
CC(=O)O[C@H]1C(=O)Nc2ccc(Br)cc21,-7.34
Clc1cccc(Sc2nc(C(Cl)(Cl)Cl)nc(C(Cl)(Cl)Cl)n2)c1,-7.34
CC(=O)Oc1c(Cl)cc(Cl)cc1[N+](=O)[O-],-7.33
CCCOc1ccc2nc(NC(=O)OC)sc2c1,-7.33
CCN(CC)CCOC(=O)N[C@@H](C)c1ccccc1,-7.33
Nc1ccc(Oc2ccc(Cl)cc2)cc1,-7.32
C/C(S)=N\c1ccc2ccccc2n1,-7.3
Cc1nonc1C(=O)N1CCCC1,-7.3
CCN(CC)CCn1ccc2ccccc21,-7.3
Nc1ccc(Oc2ccccc2Cl)cc1,-7.3
O=C1C[C@@H](C(=O)O)Nc2ccccc21,-7.3
ON=Cc1c(Cl)c(Cl)c(Cl)c(Cl)c1Cl,-7.3
C=CCC1([C@H](C)CCC)C(=O)NC(=O)NC1=O,-7.29
CC(C)(O)[C@@H]1C=C[C@@](C)(O)CC1,-7.29
CC(C)c1cccc(C(C)(C)O)c1,-7.29
CNC(=O)Oc1cc([C@@H](C)N(C)C)ccc1OC,-7.29
C=C(Cl)C[N+]12CN3CN(CN(C3)C1)C2,-7.28
C[N+](C)(C)CCC[n+]1ccc2ccccc2c1,-7.27
CC(C(=O)N(C)C)=C(C)c1ccccc1,-7.27
CC[N+](C)(C)CCCc1ccc([N+](C)(C)CC)cc1,-7.27
C(=NC(N=Cc1ccco1)c1ccco1)c1ccco1,-7.26
CCCCCCC=CCCCCCCCC(=O)OCC,-7.26
C[N+](C)(C)CCOC(=O)c1ccc(CBr)cc1,-7.24
C=CC[C@]1([C@H](C)CC)C(=O)NC(=O)N(C)C1=O,-7.24
CC(=O)O[C@@H]1CC[N@+](C)(Cc2ccccc2)C1,-7.24
CC=C(CC)C1(C)C(=O)NC(=O)NC1=O,-7.24
Cc1cc2nc3ccccn3c2nc1N,-7.24
CCOC(=O)CNS(=O)(=O)N(CCCl)CCCl,-7.24
NCCNCCNCCNCCNCCN,-7.24
c1ccc([C@H]2C[C@H]2c2ccccc2)cc1,-7.23
CCC(CC)[C@@]1(C)C(=O)NC(=O)N(C)C1=O,-7.23
COc1ccc(C[C@@H]2NC(=O)NC2=O)cc1,-7.23
C[C@@H]1OCC[C@@]12S[C@H]1CCO[C@@]1(C)S2,-7.21
c1ccc(/N=N/Nc2ccccc2)cc1,-7.21
CCCCCCCC(=O)NC[C@H](C(C)C)N(O)N=O,-7.21
Brc1c(Br)c(Br)c2n[nH]nc2c1Br,-7.2
C[C@@H]1CC(C)(C)Oc2ccccc21,-7.19
Cc1onc(-c2ccccc2)c1C(=O)Cl,-7.19
O=C(c1ccc(O)cc1)c1ccc(O)cc1O,-7.19
Nc1cnccc1NCCc1ccccc1,-7.18
O=P(O)(c1ccccc1)c1ccccc1,-7.18
O=C(c1ccccc1)c1cccc(O)c1,-7.16
CCOC(=O)NN(C(=O)OC)[C@@H](C)c1ccccc1,-7.15
Cc1cccc[n+]1CCCS(=O)(=O)O,-7.13
Nc1nc(N)c2ncn([C@@H]3O[C@H](CO)[C@@H](O)[C@H]3O)c2n1,-7.13
CCCCC1(CC)C(=O)NC(=O)NC1=O,-7.12
CCCN[C@H](C)C(=O)Nc1ccccc1C,-7.12
Nc1nnc(SCc2ccccc2)s1,-7.11
CCNc1nc(CC(C)C)nc(C(Cl)(Cl)Cl)n1,-7.1
c1ccc(CNCc2ccccn2)nc1,-7.09
CNC(=O)Oc1ccc(NC(C)=O)cc1,-7.09
CC=Cc1cc(C(C)C)ccc1C,-7.08
COc1ccccc1N(CC(=O)N(C)C)C(C)=O,-7.08
CCCC(=O)c1ccccc1OCCN(CC)CC,-7.07
CC(=O)Nc1ccc(Cl)cc1C,-7.06
CC(C)NC(=O)OCCCc1ccccc1,-7.06
ClCCNCCCCCCNCCCl,-7.06
CN1C(=O)CN(C(N)=O)[C@@H](c2ccccc2)c2cc(Cl)ccc21,-7.06
CC(C)COc1nc(OCC(C)C)nc(OCC(C)C)n1,-7.05
COc1cccc(C2(C)CNC2)c1,-7.05
NCCCCC[C@@H]1CCCCCN1,-7.05
O=S(=O)(O)c1cc(Nc2nc(Cl)nc(Cl)n2)c2c(O)c(/N=N/c3ccccc3S(=O)(=O)O)c(S(=O)(=O)O)cc2c1,-7.05
Cc1ccc(C)n1NC(=O)c1ccncc1,-7.04
CCCCCCCCCCCCNCC(=O)O,-7.04
CCCCCCCCCCC[C@H]1CCC(=O)O1,-7.02
CN(C)C(=O)CNC(=O)Cc1ccccc1,-7.02
O=C(NCCN1CCCCC1)c1ccco1,-7.02
CNC(=O)Oc1cccc2c1OCCC2,-7.01
O=c1nc(C(Cl)(Cl)CCl)[nH]c(C(Cl)(Cl)CCl)n1,-7.01
C[C@@H]1CC(=O)c2ccccc2C1,-7
Cc1ccc(C2N(C)CCN2C)cc1,-7
CCC(C(N)=O)(C(N)=O)c1ccccc1,-7
Nc1ncnc(NCc2ccccc2)n1,-7
CCCCNc1nc(NC(C)C)nc(OC)n1,-6.99
NC[C@@H](O)c1c[nH]c2ccccc12,-6.99
C[C@@H](O)[C@H]1CCCC(C)(C)C1,-6.98
CC=Cc1ccc(OC(=O)NC)c(OC)c1,-6.98
CCNc1nc(Br)nc(NC(C)C)n1,-6.98
CNC(=O)ON=C1SCCOC1(C)C,-6.98
COc1ccc(NC(=O)N(C)C)cc1Cl,-6.98
COc1ccc(OC)c(NC(=O)CC(C)=O)c1,-6.98
Cc1cccc(N2C(=O)CSC2=S)c1,-6.97
CCCC[C@@H](CC)CC[C@H](O)CC(C)C,-6.97
CO[C@H]1[C@H](O)[C@@H](CO)O[C@H]1n1ccc(N)nc1=O,-6.97
NCc1ccc(S(=O)(=O)F)cc1,-6.97
NCCCNCCCCNCCCN,-6.97
OC[C@H]1O[C@H](O[C@H]2[C@H](O)[C@@H](O)[C@H](O)O[C@@H]2CO)[C@H](O)[C@@H](O)[C@@H]1O,-6.97
CC1(C)COC2(CCCC2)OC1,-6.96
N#[N+]C=C1C=CC(=[N+]([O-])O)C=C1,-6.96
O=C(O)CSc1cccc(SCC(=O)O)c1,-6.96
Oc1c(Cl)cccc1-c1ccccc1,-6.96
O=C(C[C@@H](NO)c1ccccc1)NO,-6.95
CCC[C@@]1(c2ccccc2)CNC1=O,-6.94
C=CC1(CCCC)C(=O)NC(=O)NC1=O,-6.92
COc1cc([C@@H]2c3cc4c(cc3[C@@H](O[C@@H]3O[C@@H]5CO[C@@H](C)O[C@H]5[C@H](O)[C@H]3O)[C@H]3COC(=O)[C@H]23)OCO4)cc(OC)c1O,-6.92
Oc1ccc(Nc2ccc(O)cc2)cc1,-6.92
C[C@@](Cc1ccc(O)c(O)c1)(NN)C(=O)O,-6.9
CCCCCCCCC(=O)c1ccccc1,-6.9
CCCC(=O)[C@H](CC)Sc1ccoc1C,-6.89
CNC(=O)Oc1cc([C@@H](C)[N+](C)(C)C)ccc1OC,-6.89
CSC(SC)=C(C(=O)OC(C)C)C(=O)OC(C)C,-6.89
Cc1ccc(N)cc1S(=O)(=O)O,-6.88
CC(C)[C@@H]1N[C@H](C(=O)O)C(C)(C)S1,-6.86
CCNc1nc(NC)nc(C(Cl)(Cl)Cl)n1,-6.86
OCCOc1c(Br)cc(Br)cc1Br,-6.86
CSCC[C@H](NC(=O)c1ccccc1)C(=O)O,-6.85
FC(F)(F)c1cccc(CC2=NCCN2)c1,-6.85
Cc1ccc(NC=O)cc1NC=O,-6.83
CCC[C@H](C)c1cc(C)cc(O)c1,-6.83
C1CN(CN2CCOCC2)CCO1,-6.82
Cc1ccccc1OC[C@@H](O)COC(=O)NCCN,-6.81
CN(C)c1ccc2[nH]ccc2c1,-6.81
O=C(Cn1ccnc1)c1ccc(O)cc1,-6.81
CC(C)(C)C1=CC(=O)C=CC1=O,-6.8
Nc1ccc(Oc2ccccc2)cc1,-6.79
Cc1nc(-c2ccc([N+](=O)[O-])o2)cs1,-6.78
CCOP(=O)(OCC)Oc1ccc(Cl)cc1,-6.78
CC(=NN=C(N)S)c1ccncc1,-6.77
O=[N+]([O-])c1cc(Cl)c(O)c(Cl)c1,-6.76
BrCc1ccc2ccccc2c1,-6.75
CC(=O)c1ccc(-n2ccnc2)cc1,-6.75
c1nc(N2CCOCC2)c2[nH]cnc2n1,-6.74
OCCCC1CCN(CCO)CC1,-6.74
C(=Cc1ccccc1)c1ccccc1,-6.73
CC(=O)C(CCC#N)(CCC#N)CCC#N,-6.72
Cc1ccccc1OC[C@@H](C)OC(N)=O,-6.72
Cc1nc(N(CC#N)CC#N)nc(C(Cl)(Cl)Cl)n1,-6.72
CC(=O)Oc1ccc2ccccc2c1,-6.7
CCN(CCC#N)c1nc(C)nc(C(Cl)(Cl)Cl)n1,-6.7
NC(=O)C=P(c1ccccc1)(c1ccccc1)c1ccccc1,-6.7
C#CCOc1ccc2c(C)cc(=O)oc2c1,-6.69
C=CC[C@]1([C@@H](C)OC)CO[C@H](C)OC1,-6.69
Cc1ccc2c(c1)C(=O)C(=O)N2,-6.68
CCC(=Cc1cccc(N)c1)C(=O)O,-6.67
CC1(C)COC(C(C)(C)CO)OC1,-6.66
FC(F)(F)c1ccc(CC2=NCCN2)cc1,-6.66
O=C(O)CCC/N=C(S)/C(S)=N/CCCC(=O)O,-6.66
Cc1c(C(=O)O)cccc1[N+](=O)[O-],-6.65
O=C1OS(=O)(=O)c2ccccc21,-6.65
CC(C)Cn1c(=O)n(C)c(=O)c2[nH]cnc21,-6.64
CCN1CN(CC)CN(CC)C1,-6.64
Nc1cccc(-c2ccccc2)c1,-6.64
N#Cc1ccc(S(=O)(=O)Cl)cc1,-6.63
Nc1ccccc1-n1cccc1,-6.63
O=C1CC2(CCCCC2)CCO1,-6.62
CCCCCCCCCC[N+](C)(C)CC(=O)O,-6.61
ClC(Cl)(Cl)c1nc2ccccc2[nH]1,-6.61
COP(=S)(OC)Oc1ccc(N)c(C)c1,-6.61
C[C@@H]1Cc2ccccc2[C@H]1C,-6.6
O=C(CF)Nc1cc(Cl)ccc1Cl,-6.6
O=C1C=CC(=O)c2cnccc21,-6.6
FC(F)(F)C(=Cc1nc2ccccc2s1)C(F)(F)F,-6.59
O=[N+]([O-])c1cc[n+]([O-])c(Cl)c1,-6.59
CCC(C)(C)c1ccc(C)c(C(=O)O)c1O,-6.58
CCCCCc1ccc(C)cc1O,-6.58
CNCCC(=O)c1ccc(O)cc1,-6.58
COc1ccc(NC(=O)N(C)C)cc1,-6.58
O=C1CC2(CCCC2)CC(=O)O1,-6.58
FC(F)(F)c1nc2c(Br)c(Cl)c(Cl)c(Br)c2[nH]1,-6.57
O=C(c1ccccc1)c1cccnc1,-6.57
CCn1cnc(=O)c2ccccc21,-6.56
CCOCCN(C(=O)CCl)c1ccccc1,-6.56
Cc1ccc(SCCC(=O)O)cc1,-6.55
CCNc1nc(S)nc(N(CC)CC)n1,-6.55
CCOC(=O)Nc1ccc(I)cc1,-6.55
BrC[C@@H](Br)CC[C@@H](Br)CBr,-6.54
CC(=O)C(/N=N/c1ccccc1)C(C)=O,-6.54
CC(C)OC(=O)Nc1cccc(Cl)c1,-6.54
CC=CCCCCCCCCCCCCCC,-6.54
CSc1nccc(=O)n1-c1ccccc1F,-6.54
O=C(O)C=CC(=O)Nc1ccccc1,-6.54
O=S(=O)(O)CCC[n+]1ccccc1,-6.54
COCCN(C(=O)CCl)c1ccccc1OC,-6.53
C[n+]1cccc(S(=O)(=O)O)c1,-6.52
COc1c(Cl)c(Cl)c(N)c(Cl)c1Cl,-6.52
C[C@@H]1C[C@@H](N)CC(C)(C)C1,-6.51
CCCCC(C)(COC(N)=O)COC(N)=O,-6.49
CCCCOc1ccc(CC(=O)O)cc1,-6.48
Cc1ccc([C@@H](O)C(C)C)cc1,-6.47
C=C[C@](C)(CCC=C(C)C)OC(=O)CC,-6.46
Cc1cccnc1N1CCNC1=O,-6.46
Nc1ccc2c(c1)CONC2,-6.46
Cn1c(=O)c2nc(S)n(C)c2n(C)c1=O,-6.45
C[C@H](CN(C)C)C(=O)c1ccccc1,-6.44
CC1(C)Cc2cccc(O)c2O1,-6.44
CCc1c(C)[nH]c(C(C)=O)c1C,-6.44
O=C(c1ccc(F)cc1)C1CCC1,-6.44
COc1ccc(C[N+](C)(C)N)cc1OC,-6.43
N[C@@H](Cc1ccc(O)cc1)C(=O)O,-6.43
CCCCCC[C@@H](C)N(C)C1CC1,-6.42
CCN(CC)CCOC(=O)c1cccnc1,-6.42
O=C(O)C=CC(=O)Nc1nncs1,-6.42
C1=CC2=C(CC1)N=CCC2,-6.41
O=C1c2ccccc2C(=O)c2c(NC(=O)c3ccc4c5c(ncnc35)-c3ccccc3C4=O)cccc21,-6.41
Oc1cc(Cl)c(Br)cc1Cl,-6.41
c1cc[n+](CC[n+]2ccccc2)cc1,-6.4
Cc1ccc(C)c2ncccc12,-6.4
O=S(=O)(NO)c1ccccc1,-6.4
Brc1cccc(Br)c1Br,-6.39
Cc1cc(Cl)ccc1N=C=S,-6.39
Cc1ccccc1/N=C(/N)S,-6.39
Cc1nc(NC=O)nc(C(Cl)(Cl)Cl)n1,-6.39
CC(=O)N(C)[C@H](C)C#CCN(C)C,-6.38
CC(C)c1ccc(C(N)=O)cc1,-6.37
COC(=O)CCN(CCCCOC(C)=O)N=O,-6.37
Cc1cc(Cl)ccc1OCCO,-6.36
O=c1nc(S)ccn1[C@@H]1O[C@H](CO)[C@@H](O)[C@H]1O,-6.36
CC(=O)n1c(=O)oc2ccccc21,-6.35
CC(=O)OC(CC(C)C)CC(C)C,-6.35
CS(=O)(=O)OCOS(C)(=O)=O,-6.35
O[C@@H](Nc1ncn[nH]1)C(Cl)(Cl)Cl,-6.35
O=P(OCCBr)(OCCBr)OCCBr,-6.35
O=C(O)CCC(=O)CCC(=O)CCC(=O)O,-6.34
CC(=O)Nc1ccc(O)c(C(=O)O)c1,-6.33
CC(=O)c1cc2ccccc2o1,-6.31
CC(=O)Nc1ccc(C)c(C)c1,-6.3
CCC(C)(C)c1ccccc1O,-6.3
COC=CC=C1OC(C)(C)OC1(C)C,-6.3
COc1cc(C(=O)NN)cc(OC)c1OC,-6.3
C=CC(=C)CCCC(C)(C)OC(C)=O,-6.25
CCC1CCCCCCC1,-6.25
CCCCNC(=O)N(CCCC)N=O,-6.25
CSc1nc(C(Cl)Cl)nc(C(Cl)Cl)n1,-6.25
N/C(S)=N/c1ccc(Cl)cc1,-6.25
COC(=O)c1ccc(C(=O)Cl)cc1,-6.24
C[C@@H](Br)C(=O)Nc1ccccc1,-6.23
NC(N)=Nc1ccc(O)cc1,-6.23
NC1CCCCCCC1,-6.23
C=CCCCCCCCCC(=O)OCCCC,-6.22
CN(C)/C=N/c1ccc(Cl)cn1,-6.21
CCC=C(CCCCC)[N+](=O)[O-],-6.2
Brc1ccccc1I,-6.18
C=CCOc1nc(NCC)nc(OCC=C)n1,-6.18
CCCC[C@@H](CC)CC[C@@H](C)O,-6.18
CN(C)N=Cc1ccc(O)cc1,-6.18
CCCC=C1CCCCC1=O,-6.17
CCCCCC(C)(C#N)CCCCC,-6.16
NCC(=O)Nc1c(Cl)cccc1Cl,-6.16
C[C@@H](N=C(S)S)c1ccccc1,-6.15
CC(C)COC(=O)CCC(=O)OCC(C)C,-6.15
CCOC[C@@H](C)OC[C@@H](C)OC[C@@H](C)O,-6.15
N#CC[N+]1=C(NCCCC(=O)O)CCC1,-6.15
O=S(=O)(CCl)c1ccccc1,-6.15
C#CCOC[C@H]1C[C@H](CC(=O)OCC)C(=O)O1,-6.14
O=C(O)[C@H](O)[C@@H](O)[C@H](O[C@@H]1O[C@H](CO)[C@H](O)[C@H](O)[C@H]1O)[C@H](O)CO,-6.14
CC=C(C=O)c1ccccc1,-6.13
OCC=Cc1ccc2c(c1)OCO2,-6.12
CC(C)c1ccc(CCl)cc1,-6.11
CCOC(=O)CCc1ccc(O)c(O)c1,-6.11
CC(=O)c1ccccc1Br,-6.1
CN[C@@H](Cc1cnc[nH]1)C(=O)O,-6.1
CCCCc1cc2ccccc2o1,-6.09
O=C(O)C[C@@H](C(=O)O)c1ccccc1,-6.09
C=Cc1ccc(Cl)cc1Cl,-6.08
c1ccc(-c2ccccc2)cc1,-6.08
COc1ccc(NC(C)=O)cc1N,-6.08
O=C1c2ccccc2C(=O)N1O,-6.08
COc1ccc(NC(=O)CCl)cc1,-6.07
C[C@@H]1CC[C@@H](O)[C@H](C)C1,-6.05
O[C@@H]1C[C@H]2CC[C@@H](C1)N2,-6.05
O=c1ccc2ccccc2o1,-6.05
C[C@@H]1CCCC(C)(C)C1,-6.03
CN(C)C(=O)Nc1nc(Cl)nc(Cl)n1,-6.01
O=C(O)COc1ccc(Br)cc1,-6
Cc1nc([N+](=O)[O-])c(Br)[nH]1,-5.98
NCCSC(=O)c1ccccc1,-5.98
O=C(O)C=C(C(Cl)Cl)C(Cl)Cl,-5.98
CN(C)CCc1ccncc1,-5.97
N[C@H]1C[C@@H]1Oc1ccccc1,-5.97
CCCCOCCOC(=O)c1cccnc1,-5.96
N[C@H](C(=O)O)[C@@H](O)c1ccccc1,-5.96
O=[N+]([O-])c1ccc(O)cc1C(F)(F)F,-5.96
O=S(=O)(F)c1ccccc1,-5.96
C[C@H](N)Cc1ccccc1,-5.94
CC[C@H](C)CC[C@](C)(O)CC,-5.94
CCCCC(=O)OCc1ccccc1,-5.94
CCCCn1cnc2c(N)ncnc21,-5.94
N#CCc1nc2ccccc2[nH]1,-5.94
Nc1cccc(P(=O)(O)O)c1,-5.94
CC(=O)N(O)c1ccc(O)cc1,-5.93
Cc1cc(N)ccc1Br,-5.91
CCC[C@@]1(C)C[C@H](O)CO1,-5.91
O=c1[nH]c(=O)n(-c2ccccc2)[nH]1,-5.91
CCn1cnc2c(=O)nc(N)[nH]c21,-5.9
CO[P@@]1(=O)OC(C)=CC1(C)C,-5.9
N#CCC(=O)NCCNC(=O)CC#N,-5.9
NCc1cccc(Cl)c1,-5.9
Cc1cc(O)cc(C)c1C,-5.89
C#CCC(N)(CCC)CCC,-5.88
C[C@@H](N)Cc1cnc[nH]1,-5.86
NCCn1ccc(=O)c(O)c1,-5.86
O=c1[nH][nH]c(=O)n1-c1ccccc1,-5.86
OCC1CCCCCC1,-5.86
C[C@H](O)CN(CCO)C[C@H](C)O,-5.85
Cc1cc(=O)n2[nH]cnc2n1,-5.85
CC(C)CN(C=O)CC(C)C,-5.83
CCNC(=O)c1ccccc1O,-5.83
Cc1cc(O)ccc1Br,-5.82
CC[N+](C)(C)CCOCC[N+](CC)(CC)CC,-5.81
CCCCOC(=O)C[C@H](O)C(=O)OCCCC,-5.79
CCC[C@@H]1O[C@]1(CC)C(N)=O,-5.77
CO[C@@H]1O[C@H](COCCO)[C@H](OCCO)[C@@H](OCCO)[C@H]1OCCO,-5.77
C[C@]12OCC[C@H]1CC(=O)O2,-5.75
CCNCCc1ccccn1,-5.75
CCCCCC[C@@H](C)C(C)(C)C,-5.73
CC[C@@H](C)CC[C@@H](C)CC(=O)O,-5.72
CC1(C)CCC[C@](C)([C@H]2CC[C@]3(C)[C@@H]2[C@H](O)C[C@@H]2[C@@]4(C)CC[C@H](O)C(C)(C)[C@@H]4CC[C@]23C)O1,-5.72
O=C(CF)NNc1ccccc1,-5.72
CN(C)C(=O)N=NC(=O)N(C)C,-5.71
CCCCCCC(C)=NO,-5.7
ClCc1ccc2c(c1)OCO2,-5.7
O=C(O)c1cccc(S)c1,-5.7
CC(=O)O[C@H](CC(=O)O)C[N+](C)(C)C,-5.68
CCC(C[C@H](C)CC)=NO,-5.68
CCCC[C@H](CC)CCC(=O)O,-5.68
N[C@@H](CC[S@@](=O)O)C(=O)O,-5.68
CCCCN(CCC(=O)O)N=O,-5.67
CCOC(OCC)c1ccccc1,-5.67
CCN(CC)CCCC(=O)OC,-5.66
FC(F)C(F)(F)COP1(OCC(F)(F)C(F)F)=N[P@@](Cl)(OCC(F)(F)C(F)F)=NP(Cl)(Cl)=N1,-5.66
OCc1cc(O)cc(O)c1,-5.66
OCCCC1CCCC1,-5.66
CC[C@]1(C)C[C@H](C(=O)O)C1,-5.65
CNCCN(C)CCNC,-5.64
COc1ccc(OC[C@@H]2CO2)cc1,-5.64
N#Cc1cc(F)ccc1Cl,-5.64
CCOc1ccc(CO)cc1,-5.63
Brc1cc(Br)c(-c2c(Br)cc(Br)cc2Br)c(Br)c1,-5.62
CCCCCCC/N=C(\S)OCC,-5.62
O=C(O)c1ccccc1C(=O)OCCO,-5.62
CCC(C=O)=Cc1ccco1,-5.6
O=C(NCCO)C(=O)NCCO,-5.6
C/C(S)=N\c1ccccc1,-5.59
CN1CSC(=S)N(C)C1,-5.58
SC1=NCCCCN1,-5.57
COc1cccc(CC#N)c1,-5.56
CC(C)(C)C(=O)C(C)(C)C,-5.55
Brc1[nH]cnc2ncnc1-2,-5.54
CC(=O)CCC#CCN(C)C,-5.53
O=P(N1CC1)(N1CC1)N1CC1,-5.53
CCc1c(C)c[nH]c1C,-5.52
COC(=O)CC[N+]1(C)CCCC1,-5.52
C[C@H](N)C(=O)N[C@H](C)C(=O)O,-5.51
CCc1c(C)c2cc3[nH]c(cc4nc(c(C)c5nc(cc1[nH]2)C(C)=C5)C(CCC(=O)O)=C4C)c(C)c3CC,-5.51
CCCCCCS(=O)(=O)O,-5.51
CN1C(=O)N(C)C(C)(C)C1=O,-5.51
Nc1cccc(C=O)c1,-5.5
C=CC(=O)OCCCCCCCCC,-5.47
COc1cc(OC)c(C(=O)O)c(OC)c1,-5.46
COc1ccc(SC)cc1,-5.46
CCc1c[nH]c(=O)[nH]c1=O,-5.45
Nc1ccc(O)c(Cl)c1,-5.45
O=C1O[C@H](CO)[C@@H](O)[C@@H]1O,-5.45
C=C[C@H](O)c1ccccc1,-5.43
Cc1c(O)ccc(C(=O)O)c1O,-5.43
CCN(CC)c1ccccc1,-5.43
N#CCN1CCCCC1,-5.43
Cc1cc(O)cc(O)c1,-5.42
C[C@@H](O)CSC[C@@H](C)O,-5.41
Cc1cc(=O)n(C)c(=O)[nH]1,-5.41
CN(CCCl)CCC(=O)O,-5.41
CC(=O)Nc1ccncc1,-5.4
COc1cc(OC)c(OC)cc1C=O,-5.4
Cc1cccc(C(=O)O)n1,-5.39
C1#CCCC#CCC1,-5.38
C=C(C)c1ccc(F)cc1,-5.37
COCCc1ccccn1,-5.37
O=S1(=O)C[C@@H]2O[C@@H]2C1,-5.37
CC(=O)c1ccc(O)c(O)c1O,-5.35
CC(C)(C)C(=O)CC(=O)C(F)(F)C(F)(F)F,-5.34
CCC(=O)OCCSCCOC(=O)CC,-5.3
O=Cc1ccccc1Cl,-5.3
C=Cc1cccc(C)c1,-5.27
O=C(CC(=O)C(=O)O)CC(=O)C(=O)O,-5.27
C=C[C@@](C)(O)CCCCC,-5.26
C1=CCCCCC=C1,-5.26
CCc1cc(C)ccn1,-5.22
Nc1nc2cc(F)ccc2o1,-5.22
O=c1cc(CO)oc(Br)c1O,-5.21
CCC1=CCCCC1,-5.19
CN(C)CC(=O)N(C)C,-5.19
O=S(=O)(O)CI,-5.19
c1cc2nc[nH]c2cn1,-5.18
CCC[C@@H](O)C(C)(C)C,-5.18
O=C(O)C[C@H]1C=CC(=O)O1,-5.15
ClCCCOc1ccccc1,-5.14
C=CCN(CC=C)C(=O)CCl,-5.13
CCCCNC(C)(C)C,-5.12
N#CSc1ccccc1,-5.12
CCCCOS(=O)(=O)O,-5.11
ClCCCCOCCCCCl,-5.09
C[C@@H](O)CO[S@@](C)(=O)=S,-5.08
COC1=C(C)CCC1=O,-5.08
N#C[C@@H]1CC=CCC1,-5.07
CCCC=CC(C)(C)C,-5.04
CCOC(=O)[C@@H](CC)C(C)=O,-5.02
NNC(=O)CC(=O)NN,-5.01
CCCCOCCOCCC(=O)O,-4.98
CCCCCNCCO,-4.97
SC1=NCCCC1,-4.96
CN1COCC1(C)C,-4.95
FCCN(CCF)c1ccccc1,-4.93
CCCCCCCCCBr,-4.92
CCN(CC)N=C(S)S,-4.92
CCC=C[C@@H](C)C(=O)O,-4.9
Clc1nccnc1Cl,-4.9
COC[C@@H](C)OC(C)(C)O,-4.9
OC1CCNCC1,-4.9
CCCC1=NCCN1,-4.89
ClC(Cl)=C=C(Cl)Cl,-4.89
O=C(O)c1ccc(O)cc1O,-4.89
O=C1NC(=O)C(=O)N1,-4.86
NNc1ccccn1,-4.84
CC(CC(=O)O)CC(=O)O,-4.79
CCCC(=O)OCCCSC,-4.79
CC/N=C(\S)OC(C)C,-4.77
CCCCC#CCCO,-4.77
CCCCCCCCO,-4.76
CCO[P@@](=S)(Cl)CC,-4.75
CCOC(=O)SC(=S)OCC,-4.75
C1=CC=CCC=C1,-4.74
Cc1cc(C(C)(C)c2ccc(C(C)(C)c3cc(C)c(N)c(C)c3)cc2)cc(C)c1N,-4.73
CCP(=O)(CC)CC,-4.73
[2H]c1c([2H])c([2H])c([2H])c([2H])c1[2H],-4.71
CC(C)CCI,-4.71
CC(C)=CCC(=O)O,-4.7
CCCc1nccs1,-4.7
CCCCC#CCCCC,-4.69
OC[C@@H](O)CI,-4.68
Nc1cccnc1N,-4.65
NNc1c(F)c(F)c(F)c(F)c1F,-4.63
N#CCCNC(=O)CCl,-4.62
O=C(n1ccnc1)C(F)(F)C(F)(F)C(F)(F)F,-4.62
O=C1NC[C@H](CCl)O1,-4.62
O=P(Cl)(Cl)CCCl,-4.61
C(C[C@H]1CO1)[C@H]1CO1,-4.6
CNc1ncncn1,-4.6
Oc1cc(O)cc(O)c1,-4.6
CC(=O)OCC(O)COC(C)=O,-4.59
NC(=O)c1ccco1,-4.57
CC(C)C[C@H](C)Cl,-4.55
CCCC=CCC=O,-4.55
Nc1ccccc1O,-4.55
CCOc1ccccc1,-4.53
O=C(CS)OCCCCOC(=O)CS,-4.53
C=C(OC(C)=O)OC(C)=O,-4.5
C=CC(=O)OCCSCC,-4.5
CCCC=CCCCC,-4.48
CCOP(N)(=O)OCC,-4.48
CN(C)CCOC(N)=O,-4.48
Cc1cnc(C)[nH]1,-4.46
C[C@@H](F)CCCC(=O)OCCF,-4.41
O=C(O)CCCCCO,-4.41
CS(=O)(=O)C#N,-4.4
CC(=O)[C@@H](C)Br,-4.38
CSCC[C@H](O)C#N,-4.35
CNC(=O)C(Cl)Cl,-4.34
C[C@@](Cl)(C=O)CCl,-4.33
O=C1CCCC1,-4.32
O=C(NCO)NCO,-4.3
C[C@@H]1CCOC1,-4.26
O=C(O)COCCOCC(=O)O,-4.25
C=CC[N+](CC)(CC)CC,-4.24
C=NCC(C)(C)OC,-4.22
OCCOCCOCCOCCOCCO,-4.15
CN(C)[N+](=O)[O-],-4.13
CC(=O)OCCN(C)C,-4.08
C#CC(C)=CC,-4.07
O=P(O)(O)C(F)(F)P(=O)(O)O,-4.07
CC1(C)O[C@@H]2C[C@H]3[C@@H]4CCC5=CC(=O)C=C[C@]5(C)[C@@]4(F)[C@@H](O)C[C@]3(C)[C@]2(C(=O)COP(=O)(O)O)O1,-4.06
CCN(COC)N=O,-4.06
OCCCCCCO,-4.01
CC(=O)CCCO,-3.99
C1=NNCC1,-3.98
C[C@H](Br)CO,-3.97
CC[C@H](O)C(=O)O,-3.95
CCC=CBr,-3.94
C=CC(=O)OCCOC,-3.93
C=CC=CC=O,-3.83
CC(C)(C)Cl,-3.82
COC(=O)c1cc2cc3c(c(=O)c-2c(O)o1)O[C@]1(CC3)Cc2c(O)c3c(c(O)c2O1)C(=O)C(OC)=CC3=O,-3.82
N#CC(F)(F)C(F)(F)C(F)(F)C(F)(F)C(F)(F)C(F)(F)C(F)(F)F,-3.79
CSCCSC,-3.74
C#CC[C@H](C)O,-3.73
COP(=O)(S)OC,-3.73
CCOCCOCC,-3.7
O=C(O)C(Cl)Cl,-3.68
[2H]C(=O)N(C([2H])([2H])[2H])C([2H])([2H])[2H],-3.66
CC[C@@H](O)CO,-3.66
O=C(O)C(O)(O)C(O)(O)C(=O)O,-3.66
CC(C)Br,-3.65
C=CC[N+](C)(C)C,-3.64
CCO[S@@](=O)OC,-3.57
CC(=O)CCl,-3.45
CCC(C)=O,-3.43
O=[PH](O)O,-3.43
COC(C)OC,-3.41
Cc1ccc(NN=c2c(S(=O)(=O)O)cc3cc(S(=O)(=O)O)c(=NNc4ccc(C)cc4S(=O)(=O)O)c(=O)c=3c2=O)c(S(=O)(=O)O)c1,-3.34
OCCOCC(COCCO)OCCO,-3.13
O=COCCOC=O,-3
OC(O)C(F)(F)F,-2.94
FC=CCl,-2.79
C=CN=C,-2.61
O=C(C(F)F)C(F)F,-2.44
[PH2-],-2.04
